id,first_name,last_name,birth_date,email,gender
1,Priscilla,Fintoph,10/29/1998,pfintoph0@themeforest.net,Female
2,Audie,Foss,,afoss1@amazon.co.jp,Female
3,Guinna,Stitch,3/5/2003,gstitch2@pinterest.com,Non-binary
4,Giselle,Fawthorpe,8/30/2017,gfawthorpe3@wufoo.com,Female
5,Dorian,Galbreath,,dgalbreath4@mayoclinic.com,Female
6,Norrie,Sprionghall,9/2/1998,nsprionghall5@abc.net.au,Female
7,Hilde,Goring,2/27/1999,hgoring6@blogspot.com,Female
8,Tobit,Carah,9/26/2013,tcarah7@addtoany.com,Male
9,Rosemonde,De Ortega,2/5/2024,rdeortega8@oaic.gov.au,Female
10,Damiano,MacAskill,6/6/2020,dmacaskill9@taobao.com,Male
11,Oby,Flewin,5/5/2001,oflewina@admin.ch,Male
12,Reinhold,Parradice,,rparradiceb@constantcontact.com,Agender
13,Christy,Kareman,,ckaremanc@kickstarter.com,Agender
14,Wang,McCloch,8/29/2002,wmcclochd@google.cn,Male
15,Reyna,Grubbe,,rgrubbee@chronoengine.com,Female
16,Ebba,Sharpless,11/4/2014,esharplessf@biglobe.ne.jp,Female
17,Jonis,Merioth,9/20/2025,jmeriothg@tiny.cc,Female
18,Ashli,Godar,,agodarh@redcross.org,Female
19,Sherwin,Petschel,2/24/2020,spetscheli@tinypic.com,Male
20,Ola,Schoenrock,3/9/2001,oschoenrockj@acquirethisname.com,Female
21,Cate,Reddecliffe,1/15/2016,creddecliffek@yellowbook.com,Female
22,Austin,Groome,4/21/2023,agroomel@slate.com,Female
23,Tally,Szymanzyk,6/6/2002,tszymanzykm@wikispaces.com,Female
24,Klarika,Lapthorn,10/21/2021,klapthornn@typepad.com,Female
25,Lina,Tesdale,5/9/2023,ltesdaleo@scribd.com,Female
26,Evered,O'Hanlon,3/26/2015,eohanlonp@github.com,Male
27,Ninon,Beaulieu,6/4/2022,nbeaulieuq@epa.gov,Female
28,Brittany,Atthowe,10/1/2024,batthower@furl.net,Female
29,Teressa,Biaggioli,,tbiaggiolis@un.org,Female
30,Sandy,Bellingham,,sbellinghamt@elpais.com,Male
31,Pennie,Norledge,1/1/2008,pnorledgeu@ucla.edu,Male
32,Danice,Schleicher,3/6/2002,dschleicherv@sakura.ne.jp,Female
33,Remus,Dalliston,6/20/1999,rdallistonw@zdnet.com,Male
34,Agnese,Hoonahan,,ahoonahanx@wisc.edu,Female
35,Patrick,Southway,10/31/1998,psouthwayy@ted.com,Male
36,Babbie,Kembry,,bkembryz@is.gd,Bigender
37,Kit,Volker,7/27/2019,kvolker10@ucoz.com,Female
38,Mayor,O'Harney,,moharney11@moonfruit.com,Male
39,Lotta,Spinello,,lspinello12@zdnet.com,Female
40,Felita,Pimme,6/29/1997,fpimme13@cornell.edu,Female
41,Marcellina,Genders,10/2/2002,mgenders14@surveymonkey.com,Female
42,Carmelita,Strathe,9/26/2016,cstrathe15@smh.com.au,Female
43,Ginelle,Hasloch,4/18/2006,ghasloch16@buzzfeed.com,Female
44,Siegfried,Pflieger,9/16/2023,spflieger17@surveymonkey.com,Male
45,Roanna,Hame,10/1/2014,rhame18@ycombinator.com,Female
46,Grange,Tarburn,9/7/2017,gtarburn19@freewebs.com,Male
47,Elly,Traice,7/25/2007,etraice1a@slideshare.net,Female
48,Claudius,Lambrechts,6/8/2009,clambrechts1b@youtube.com,Male
49,Tobye,Dincey,11/20/2022,tdincey1c@latimes.com,Female
50,Sandye,Gussin,5/27/2024,sgussin1d@tiny.cc,Female
51,Devlin,Fuzzard,,dfuzzard1e@squarespace.com,Male
52,Kelbee,Creed,2/12/2024,kcreed1f@hud.gov,Male
53,Doug,Sole,4/2/2018,dsole1g@unesco.org,Male
54,Anthony,Gaskal,11/2/2011,agaskal1h@msn.com,Male
55,Jorge,Dmitrovic,,jdmitrovic1i@google.pl,Male
56,Carmen,Macklin,3/1/1997,cmacklin1j@wunderground.com,Female
57,Milissent,Castleton,4/20/2000,mcastleton1k@europa.eu,Female
58,Raynard,Swatman,2/8/2003,rswatman1l@hud.gov,Male
59,Tessi,Ebbetts,3/26/2007,tebbetts1m@nbcnews.com,Female
60,Constancia,Kiln,,ckiln1n@gravatar.com,Female
61,Giovanna,Hinrichsen,8/1/2014,ghinrichsen1o@eventbrite.com,Female
62,Karina,Ackeroyd,,kackeroyd1p@discovery.com,Genderqueer
63,Shayla,Hulmes,4/13/2015,shulmes1q@smugmug.com,Female
64,Kiel,Burnyate,,kburnyate1r@si.edu,Male
65,Bel,Franssen,3/14/2015,bfranssen1s@google.com.br,Female
66,Hilton,Elesander,12/9/2005,helesander1t@toplist.cz,Male
67,Parnell,Codner,12/6/2001,pcodner1u@issuu.com,Male
68,Alonso,Gerriet,4/26/1999,agerriet1v@ucoz.com,Male
69,Orel,Wilkisson,8/16/2024,owilkisson1w@blogspot.com,Female
70,Bastian,Bowcher,12/7/2017,bbowcher1x@feedburner.com,Male
71,Eldridge,Loache,3/18/1998,eloache1y@samsung.com,Male
72,Roselle,Laville,9/4/2003,rlaville1z@geocities.jp,Female
73,Coop,Milkins,,cmilkins20@nytimes.com,Male
74,Graham,Bradnocke,11/26/1997,gbradnocke21@sphinn.com,Male
75,Jerrold,Phelipeau,,jphelipeau22@hexun.com,Male
76,Phil,Magrannell,,pmagrannell23@tiny.cc,Female
77,Jilly,Berth,,jberth24@nymag.com,Female
78,Vite,Bellard,9/22/2011,vbellard25@usnews.com,Male
79,Mitchell,Rase,5/5/2007,mrase26@xing.com,Genderfluid
80,Risa,Rolance,2/3/2021,rrolance27@go.com,Female
81,Lukas,Hagwood,6/4/2006,lhagwood28@apache.org,Male
82,Owen,Heake,10/25/2003,oheake29@theglobeandmail.com,Male
83,Gonzales,Sellick,,gsellick2a@slideshare.net,Male
84,Seymour,Abramamov,,sabramamov2b@ucoz.ru,Genderqueer
85,Jonie,Sweating,,jsweating2c@springer.com,Female
86,Oralia,Jeavons,3/27/2003,ojeavons2d@soundcloud.com,Female
87,Obadiah,Philpault,4/1/2006,ophilpault2e@jiathis.com,Male
88,Kaylil,Le Claire,2/27/2010,kleclaire2f@sphinn.com,Female
89,Bevan,Cluett,8/21/2024,bcluett2g@amazon.com,Male
90,Burtie,Brotherick,6/12/2015,bbrotherick2h@cbsnews.com,Male
91,Chad,Varnes,,cvarnes2i@boston.com,Male
92,Elijah,Zorn,9/9/2018,ezorn2j@tamu.edu,Male
93,Anatole,Wallage,9/7/2015,awallage2k@opensource.org,Agender
94,Dannye,Ramsden,9/19/2010,dramsden2l@bluehost.com,Agender
95,Conchita,Blaine,4/22/1999,cblaine2m@tinypic.com,Female
96,Orella,Leynton,,oleynton2n@howstuffworks.com,Female
97,Lanie,Grishagin,7/1/2017,lgrishagin2o@phoca.cz,Male
98,Marty,Cowitz,8/10/2007,mcowitz2p@barnesandnoble.com,Female
99,Tommi,Dando,,tdando2q@ning.com,Female
100,Selena,Baversor,9/7/2005,sbaversor2r@purevolume.com,Female
